title,url,source_type,source_name,published_date,category,sub_issue,gov_level,area_type,service_type,province,sentiment,sentiment_score,pain_points,demographics,has_abandonment_signal,has_bottleneck
"Kemenimipas Gelar Operasi Katarak Gratis 81 Warga, Napi dan Petugas Lapas",https://news.detik.com/berita/d-8612051/kemenimipas-gelar-operasi-katarak-gratis-81-warga-napi-dan-petugas-lapas,news_site,detik.com,"Senin, 10 Agu 2026 13:56 WIB",kesehatan,pemeriksaan_gratis,pusat,umum,tidak_teridentifikasi,Jawa Tengah,positif,1.0,,ibu_anak,0,0
Babak Baru Kematian dr. Icha dan Dugaan Intimidasi 3 Anggota DPRD,https://www.detik.com/bali/hukum-dan-kriminal/d-8561188/babak-baru-kematian-dr-icha-dan-dugaan-intimidasi-3-anggota-dprd,news_site,detik.com,"Senin, 06 Jul 2026 06:30 WIB",kesehatan,kelengkapan_data_rs,daerah,umum,tidak_teridentifikasi,Bali,netral,0.0,,,0,0
"Cuma Pakai Google Form, Kasus Stunting dan TB di Perante Didata Lebih Cepat",https://inet.detik.com/cyberlife/d-8513237/cuma-pakai-google-form-kasus-stunting-dan-tb-di-perante-didata-lebih-cepat,news_site,detik.com,"Senin, 01 Jun 2026 17:00 WIB",kesehatan,makan_bergizi_gratis,pusat,umum,tidak_teridentifikasi,,positif,0.5,,ibu_anak,0,0
Terkuak Pemkot Parepare Bayarkan BPJS Warga Daerah Lain Selama 8 Bulan,https://www.detik.com/sulsel/parepare/d-8553156/terkuak-pemkot-parepare-bayarkan-bpjs-warga-daerah-lain-selama-8-bulan,news_site,detik.com,"Selasa, 30 Jun 2026 08:30 WIB",kesehatan,pemeriksaan_gratis,daerah,umum,digital,Sulawesi Selatan,negatif,-0.5,Salah Sasaran Penerima Manfaat,,1,1
Tante Jelaskan Kondisi Amanda yang Tak Bisa Hadiri Sidang Mario Dandy,https://news.detik.com/berita/d-6794946/tante-jelaskan-kondisi-amanda-yang-tak-bisa-hadiri-sidang-mario-dandy,news_site,detik.com,"Selasa, 27 Jun 2023 14:30 WIB",kesehatan,kelengkapan_data_rs,daerah,umum,tidak_teridentifikasi,Bali,negatif,-1.0,,lansia; ibu_anak,1,0
"Sejarah Karhutla Jambi 20 Tahun Terakhir, 2015-2019 Jadi Bencana Asap Terburuk",https://www.detik.com/sumbagsel/berita/d-8634153/sejarah-karhutla-jambi-20-tahun-terakhir-2015-2019-jadi-bencana-asap-terburuk,news_site,detik.com,"Selasa, 25 Agu 2026 20:41 WIB",kesehatan,revitalisasi_sarpras,daerah,umum,digital,Jambi,positif,0.291,,ibu_anak,0,1
Syarat Pendaftaran Petugas Haji 2027 dan Dokumen yang Harus Disiapkan,https://www.detik.com/hikmah/haji-dan-umrah/d-8633878/syarat-pendaftaran-petugas-haji-2027-dan-dokumen-yang-harus-disiapkan,news_site,detik.com,"Selasa, 25 Agu 2026 17:00 WIB",kesejahteraan,kesejahteraan_asn,pusat,umum,tidak_teridentifikasi,,positif,1.0,,lansia; disabilitas,0,0
"Cara Cek Desil Online dan Offline Pakai NIK KTP Lewat HP, Simak!",https://www.detik.com/sumbagsel/berita/d-8622903/cara-cek-desil-online-dan-offline-pakai-nik-ktp-lewat-hp-simak,news_site,detik.com,"Selasa, 18 Agu 2026 06:30 WIB",kesejahteraan,bansos_adaptif,pusat,umum,digital,,positif,1.0,,,0,0
Walkot Kendari Siska Luncurkan Kelurahan Siaga untuk Deteksi Dini TBC,https://www.detik.com/sulsel/berita/d-8574237/walkot-kendari-siska-luncurkan-kelurahan-siaga-untuk-deteksi-dini-tbc,news_site,detik.com,"Selasa, 14 Jul 2026 20:03 WIB",kesehatan,penuntasan_tbc,daerah,3T,tidak_teridentifikasi,Bali,positif,1.0,,lansia; ibu_anak,0,1
Dinkes Bali Ajak Masyarakat Medical Check Up Gratis Saat Ulang Tahun,https://www.detik.com/bali/berita/d-7721156/dinkes-bali-ajak-masyarakat-medical-check-up-gratis-saat-ulang-tahun,news_site,detik.com,"Selasa, 07 Jan 2025 12:35 WIB",kesehatan,pemeriksaan_gratis,daerah,umum,tidak_teridentifikasi,Bali,positif,0.714,,lansia; ibu_anak,0,1
Wamendagri Wiyagus Dorong Pembentukan Desa & Kelurahan Siaga TBC di Riau,https://news.detik.com/berita/d-8604420/wamendagri-wiyagus-dorong-pembentukan-desa-kelurahan-siaga-tbc-di-riau,news_site,detik.com,"Selasa, 04 Agu 2026 19:41 WIB",kesehatan,penuntasan_tbc,daerah,umum,tidak_teridentifikasi,Riau,netral,0.0,,ibu_anak,0,0
"Asap Karhutla Kepung Pontianak, Ini 5 Cara Lindungi Diri Menurut Dokter Paru",https://www.detik.com/kalimantan/berita/d-8639814/asap-karhutla-kepung-pontianak-ini-5-cara-lindungi-diri-menurut-dokter-paru,news_site,detik.com,"Sabtu, 29 Agu 2026 21:01 WIB",kesehatan,rs_berkualitas,daerah,umum,tidak_teridentifikasi,Bali,positif,1.0,,ibu_anak,0,0
Pendaftaran Petugas Haji 2027 Dibuka Sampai Kapan? Cek Batas Waktunya,https://www.detik.com/hikmah/haji-dan-umrah/d-8639235/pendaftaran-petugas-haji-2027-dibuka-sampai-kapan-cek-batas-waktunya,news_site,detik.com,"Sabtu, 29 Agu 2026 14:00 WIB",kesejahteraan,kesejahteraan_asn,pusat,umum,tidak_teridentifikasi,,positif,1.0,,lansia; disabilitas,0,0
Sesal Pria Polman Paksa Pacar Aborsi hingga Tewas,https://www.detik.com/sulsel/hukum-dan-kriminal/d-8639025/sesal-pria-polman-paksa-pacar-aborsi-hingga-tewas,news_site,detik.com,"Sabtu, 29 Agu 2026 08:15 WIB",kesehatan,rs_berkualitas,daerah,umum,tidak_teridentifikasi,Bali,negatif,-1.0,,ibu_anak,0,0
"Batas Akhir Daftar Petugas Haji 2027, Cek Jadwal hingga Tahapan Berikutnya",https://www.detik.com/sumbagsel/berita/d-8638689/batas-akhir-daftar-petugas-haji-2027-cek-jadwal-hingga-tahapan-berikutnya,news_site,detik.com,"Sabtu, 29 Agu 2026 06:00 WIB",kesehatan,pemeriksaan_gratis,pusat,umum,digital,,positif,1.0,,lansia; disabilitas,0,0
Kasus Pneumonia di Pontianak Meningkat Imbas Asap Karhutla,https://news.detik.com/berita/d-8638974/kasus-pneumonia-di-pontianak-meningkat-imbas-asap-karhutla,news_site,detik.com,"Sabtu, 29 Agu 2026 05:03 WIB",kesehatan,kelengkapan_data_rs,daerah,3T,tidak_teridentifikasi,Bali,positif,1.0,,lansia; ibu_anak,0,0
Sido Muncul Kucurkan Rp 400 Juta untuk Bantu Warga Terdampak Gempa NTT,https://news.detik.com/adv-nhl-detikcom/d-8637773/sido-muncul-kucurkan-rp-400-juta-untuk-bantu-warga-terdampak-gempa-ntt,news_site,detik.com,"Sabtu, 29 Agu 2026 00:00 WIB",kesehatan,kesejahteraan_asn,daerah,umum,umum,Bali,positif,0.789,,ibu_anak,1,1
Layanan Teknologi Nuklir di RS Surabaya Ini Urai Antrean Pasien Kanker,https://www.detik.com/jatim/berita/d-8579903/layanan-teknologi-nuklir-di-rs-surabaya-ini-urai-antrean-pasien-kanker,news_site,detik.com,"Sabtu, 18 Jul 2026 20:45 WIB",kesehatan,kelengkapan_data_rs,pusat,umum,umum,Jawa Timur,positif,1.0,,ibu_anak,0,0
"Hari Jadi Ke-81 Jateng, Speling Bikin Dokter Spesialis Makin Dekat",https://news.detik.com/bangun-indonesia/d-8620110/hari-jadi-ke-81-jateng-speling-bikin-dokter-spesialis-makin-dekat,news_site,detik.com,"Sabtu, 15 Agu 2026 17:04 WIB",kesehatan,pemeriksaan_gratis,daerah,umum,tidak_teridentifikasi,Jawa Tengah,positif,1.0,,ibu_anak,0,0
"Dokter-Nakes Hina BPJS Sudah Kena Batunya, Layanan RS-nya Kapan Berbenah?",https://health.detik.com/berita-detikhealth/d-8609737/dokter-nakes-hina-bpjs-sudah-kena-batunya-layanan-rs-nya-kapan-berbenah,news_site,detik.com,"Sabtu, 08 Agu 2026 13:00 WIB",kesehatan,rs_berkualitas,daerah,umum,tidak_teridentifikasi,Bali,positif,1.0,,,0,0
Karier dr Beni di RSUD Ruteng Berakhir Seusai Komen 'Ruang Jenazah Kosong',https://www.detik.com/bali/nusra/d-8609496/karier-dr-beni-di-rsud-ruteng-berakhir-seusai-komen-ruang-jenazah-kosong,news_site,detik.com,"Sabtu, 08 Agu 2026 09:15 WIB",kesehatan,rs_berkualitas,pusat,umum,tidak_teridentifikasi,Bali,positif,0.5,,,0,1
"Kemenkes Rombak Sistem Akreditasi RS, Tingkat Keselamatan Pasien Jadi Tolok Ukur",https://health.detik.com/berita-detikhealth/d-8595713/kemenkes-rombak-sistem-akreditasi-rs-tingkat-keselamatan-pasien-jadi-tolok-ukur,news_site,detik.com,"Rabu, 29 Jul 2026 17:04 WIB",kesehatan,kelengkapan_data_rs,pusat,umum,digital,,netral,0.0,,,0,0
Lulusan PPG Merapat! Ada Lowongan Guru di Sekolah Nasional Terintegrasi,https://www.detik.com/edu/sekolah/d-8595278/lulusan-ppg-merapat-ada-lowongan-guru-di-sekolah-nasional-terintegrasi,news_site,detik.com,"Rabu, 29 Jul 2026 13:45 WIB",pendidikan,sekolah_unggul,pusat,umum,tidak_teridentifikasi,Nusa Tenggara Timur,positif,1.0,,ibu_anak,0,0
"Perjuangan Pengobatan Warga Baduy, Kendala Jarak hingga Larangan Adat",https://health.detik.com/berita-detikhealth/d-6952393/perjuangan-pengobatan-warga-baduy-kendala-jarak-hingga-larangan-adat,news_site,detik.com,"Rabu, 27 Sep 2023 06:15 WIB",kesehatan,supply_chain_farmasi,daerah,umum,umum,,negatif,-0.5,,ibu_anak,0,0
Warga Kota Batu Dihebohkan Temuan Jenazah Pria di Joglo Taman Wilis,https://www.detik.com/jatim/berita/d-8615929/warga-kota-batu-dihebohkan-temuan-jenazah-pria-di-joglo-taman-wilis,news_site,detik.com,"Rabu, 12 Agu 2026 22:45 WIB",kesehatan,kelengkapan_data_rs,daerah,umum,tidak_teridentifikasi,,netral,0.0,,ibu_anak,0,0
"Percepat Layanan Publik & Penyaluran Bansos, IKD Kunci Transformasi Digital",https://news.detik.com/berita/d-8614933/percepat-layanan-publik-penyaluran-bansos-ikd-kunci-transformasi-digital,news_site,detik.com,"Rabu, 12 Agu 2026 11:45 WIB",kesehatan,pemeriksaan_gratis,pusat,umum,digital,,positif,1.0,Persyaratan Dokumen Berlebihan,disabilitas; ibu_anak,0,0
"Miris, Balita di Sukabumi Tertular HIV dari Ibunya",https://www.detik.com/jabar/berita/d-8605084/miris-balita-di-sukabumi-tertular-hiv-dari-ibunya,news_site,detik.com,"Rabu, 05 Agu 2026 16:30 WIB",kesehatan,rs_berkualitas,daerah,umum,tidak_teridentifikasi,Bali,netral,0.0,,ibu_anak,0,0
Ini Dugaan Penyebab Mahasiswa PPDS Unri Bunuh Diri,https://news.detik.com/berita/d-8605454/ini-dugaan-penyebab-mahasiswa-ppds-unri-bunuh-diri,news_site,detik.com,"Rabu, 05 Agu 2026 15:07 WIB",kesehatan,kelengkapan_data_rs,daerah,umum,digital,Riau,netral,0.0,,,0,0
Seputar Desil yang Jadi Sorotan Tajam Masyarakat,https://finance.detik.com/berita-ekonomi-bisnis/d-8640032/seputar-desil-yang-jadi-sorotan-tajam-masyarakat,news_site,detik.com,"Minggu, 30 Agu 2026 06:30 WIB",kesehatan,bansos_adaptif,pusat,umum,tidak_teridentifikasi,Bali,positif,1.0,Persyaratan Dokumen Berlebihan,,0,0
"Kasus ISPA Buntut Karhutla Kalimantan, Kemenkes Bangun Posko Bencana Asap",https://news.detik.com/berita/d-8630817/kasus-ispa-buntut-karhutla-kalimantan-kemenkes-bangun-posko-bencana-asap,news_site,detik.com,"Minggu, 23 Agu 2026 10:31 WIB",kesehatan,rs_berkualitas,daerah,umum,tidak_teridentifikasi,Kalimantan Tengah,positif,1.0,,masyarakat_3t,0,0
Rapor Merah Pemkot Parepare di Era Tasming Hamid,https://www.detik.com/sulsel/parepare/d-8570212/rapor-merah-pemkot-parepare-di-era-tasming-hamid,news_site,detik.com,"Minggu, 12 Jul 2026 08:30 WIB",kesehatan,rs_berkualitas,daerah,umum,digital,Bali,negatif,-0.714,Salah Sasaran Penerima Manfaat,ibu_anak,1,1
Wamenkes Temui Sultan HB X Bahas MBG hingga Tuberkulosis,https://www.detik.com/jogja/berita/d-8331455/wamenkes-temui-sultan-hb-x-bahas-mbg-hingga-tuberkulosis,news_site,detik.com,"Kamis, 29 Jan 2026 16:48 WIB",kesehatan,makan_bergizi_gratis,daerah,umum,tidak_teridentifikasi,Sumatera Utara,positif,0.2,Bolak-balik Antar Instansi,ibu_anak,1,0
Wamensos Dorong Sekolah Rakyat Putus Mata Rantai Kemiskinan Antargenerasi,https://news.detik.com/berita/d-8637349/wamensos-dorong-sekolah-rakyat-putus-mata-rantai-kemiskinan-antargenerasi,news_site,detik.com,"Kamis, 27 Agu 2026 21:16 WIB",kesehatan,rs_berkualitas,daerah,3T,umum,Sumatera Utara,positif,1.0,,lansia; ibu_anak,0,0
"Radang Paru Serang Balita Sukabumi, UGD RSUD Sekarwangi Membeludak",https://www.detik.com/jabar/berita/d-8636667/radang-paru-serang-balita-sukabumi-ugd-rsud-sekarwangi-membeludak,news_site,detik.com,"Kamis, 27 Agu 2026 14:55 WIB",kesehatan,rs_berkualitas,daerah,umum,umum,Bali,negatif,-1.0,,ibu_anak,0,1
Rapat Paripurna DPR Setujui 6 Rekomendasi untuk Penyelenggaraan Haji,https://www.detik.com/hikmah/haji-dan-umrah/d-8636268/rapat-paripurna-dpr-setujui-6-rekomendasi-untuk-penyelenggaraan-haji,news_site,detik.com,"Kamis, 27 Agu 2026 11:45 WIB",kesehatan,supply_chain_farmasi,pusat,umum,tidak_teridentifikasi,DKI Jakarta,positif,1.0,,lansia; disabilitas,0,0
Kematian Wanita Akibat Aborsi di Polman Terkuak Usai Mayat Mau Dibuang Pacar,https://www.detik.com/sulsel/hukum-dan-kriminal/d-8635870/kematian-wanita-akibat-aborsi-di-polman-terkuak-usai-mayat-mau-dibuang-pacar,news_site,detik.com,"Kamis, 27 Agu 2026 07:00 WIB",kesehatan,rs_berkualitas,daerah,umum,digital,Sulawesi Barat,positif,1.0,,ibu_anak,0,0
Keterbatasan Alkes Hambat Program Cek Kesehatan Gratis di Manggarai Barat,https://www.detik.com/bali/nusra/d-7777247/keterbatasan-alkes-hambat-program-cek-kesehatan-gratis-di-manggarai-barat,news_site,detik.com,"Kamis, 13 Feb 2025 18:38 WIB",kesehatan,rs_berkualitas,daerah,umum,digital,Nusa Tenggara Timur,positif,0.5,,lansia; ibu_anak,0,1
Syarat dan Cara Membuat Surat Keterangan Sehat untuk Melamar Kerja,https://news.detik.com/berita/d-8107139/syarat-dan-cara-membuat-surat-keterangan-sehat-untuk-melamar-kerja,news_site,detik.com,"Kamis, 11 Sep 2025 15:03 WIB",kesehatan,pemeriksaan_gratis,daerah,umum,umum,Riau,positif,1.0,Persyaratan Dokumen Berlebihan,,0,0
"4.191 Warga Surabaya Derita TBC, Dinkes Masifkan Tracing dan Screening",https://www.detik.com/jatim/berita/d-8527478/4-191-warga-surabaya-derita-tbc-dinkes-masifkan-tracing-dan-screening,news_site,detik.com,"Kamis, 11 Jun 2026 14:00 WIB",kesehatan,kelengkapan_data_rs,daerah,umum,tidak_teridentifikasi,,positif,1.0,,,0,0
"Pakai Mobile JKN, Dede Nikmati Layanan Cepat Tanpa Perlu Antre Panjang",https://news.detik.com/berita/d-8004975/pakai-mobile-jkn-dede-nikmati-layanan-cepat-tanpa-perlu-antre-panjang,news_site,detik.com,"Kamis, 10 Jul 2025 14:30 WIB",kesehatan,rs_berkualitas,daerah,umum,digital,,positif,0.765,,,0,0
Kecaman dari Senayan ke Nakes yang Hina Pasien BPJS,https://news.detik.com/berita/d-8606278/kecaman-dari-senayan-ke-nakes-yang-hina-pasien-bpjs,news_site,detik.com,"Kamis, 06 Agu 2026 06:01 WIB",kesehatan,rs_berkualitas,pusat,umum,digital,Bali,positif,0.667,,,0,0
Palembang Raih detikSumatera Awards: Pengembangan Layanan Kesehatan,https://www.detik.com/sumbagsel/berita/d-8638739/palembang-raih-detiksumatera-awards-pengembangan-layanan-kesehatan,news_site,detik.com,"Jumat, 28 Agu 2026 20:49 WIB",kesehatan,pemeriksaan_gratis,daerah,umum,digital,DKI Jakarta,positif,0.667,,lansia; ibu_anak,0,0
"Anak Peserta Pekerja Penerima Upah Masih Ditanggung JKN, Ini Syaratnya",https://news.detik.com/berita/d-8638691/anak-peserta-pekerja-penerima-upah-masih-ditanggung-jkn-ini-syaratnya,news_site,detik.com,"Jumat, 28 Agu 2026 19:53 WIB",kesehatan,pemeriksaan_gratis,pusat,umum,tidak_teridentifikasi,Bali,positif,1.0,Persyaratan Dokumen Berlebihan,ibu_anak,0,0
Kemenkes Perpanjang Penanganan Pascagempa NTT 2 Pekan,https://www.detik.com/bali/berita/d-8638602/kemenkes-perpanjang-penanganan-pascagempa-ntt-2-pekan,news_site,detik.com,"Jumat, 28 Agu 2026 18:49 WIB",kesehatan,penuntasan_tbc,pusat,3T,tidak_teridentifikasi,Banten,netral,0.0,,masyarakat_3t,0,0
"Homecare Jember Sasar Lansia, Eks Kepala Staf Kepresidenan Beri Apresiasi",https://www.detik.com/jatim/berita/d-8638275/homecare-jember-sasar-lansia-eks-kepala-staf-kepresidenan-beri-apresiasi,news_site,detik.com,"Jumat, 28 Agu 2026 16:45 WIB",kesehatan,rs_berkualitas,daerah,umum,umum,Bali,positif,1.0,,lansia,0,0
Keunggulan Pompa Udara Yasunaga untuk Industri dan IPAL,https://news.detik.com/berita/d-8637900/keunggulan-pompa-udara-yasunaga-untuk-industri-dan-ipal,news_site,detik.com,"Jumat, 28 Agu 2026 12:46 WIB",kesehatan,supply_chain_farmasi,daerah,umum,digital,Bali,positif,1.0,,,0,0
Kepala BNPB Ungkap Data Sebaran Bantuan Logistik di NTT Usai Gempa Dahsyat,https://news.detik.com/berita/d-8628480/kepala-bnpb-ungkap-data-sebaran-bantuan-logistik-di-ntt-usai-gempa-dahsyat,news_site,detik.com,"Jumat, 21 Agu 2026 13:25 WIB",kesehatan,supply_chain_farmasi,pusat,3T,tidak_teridentifikasi,Bali,positif,1.0,,,0,0
"Hasil CKG, Ini Penyakit Terbanyak yang Dialami Warga RI Tiap Kelompok Usia",https://health.detik.com/berita-detikhealth/d-8577875/hasil-ckg-ini-penyakit-terbanyak-yang-dialami-warga-ri-tiap-kelompok-usia,news_site,detik.com,"Jumat, 17 Jul 2026 10:01 WIB",kesehatan,pemeriksaan_gratis,pusat,umum,tidak_teridentifikasi,Bali,positif,1.0,,ibu_anak,0,0
Upaya Menteri Wihaji Buka Sekolah Khusus di Jaktim Cegah Lansia Kesepian,https://news.detik.com/berita/d-7778038/upaya-menteri-wihaji-buka-sekolah-khusus-di-jaktim-cegah-lansia-kesepian,news_site,detik.com,"Jumat, 14 Feb 2025 11:04 WIB",kesehatan,kelengkapan_data_rs,daerah,umum,digital,DKI Jakarta,netral,0.0,,lansia,0,0
Mendagri Minta Kepala Daerah Prioritaskan Penanganan Kusta untuk Perkuat SDM,https://news.detik.com/berita/d-8568452/mendagri-minta-kepala-daerah-prioritaskan-penanganan-kusta-untuk-perkuat-sdm,news_site,detik.com,"Jumat, 10 Jul 2026 15:41 WIB",kesehatan,penuntasan_tbc,daerah,umum,tidak_teridentifikasi,Bali,positif,1.0,,,0,0
Kemenkes Beberkan Alasan Yurizal Harus Menunggu 8 Jam di IGD RSCM,https://www.detik.com/bali/berita/d-8607966/kemenkes-beberkan-alasan-yurizal-harus-menunggu-8-jam-di-igd-rscm,news_site,detik.com,"Jumat, 07 Agu 2026 08:38 WIB",kesehatan,rs_berkualitas,pusat,umum,tidak_teridentifikasi,,positif,1.0,,,0,1
"Daftar Bansos Cair September 2026: PKH, BPNT, PBI JKN dan PIP",https://www.detik.com/sumbagsel/berita/d-8640930/daftar-bansos-cair-september-2026-pkh-bpnt-pbi-jkn-dan-pip,news_site,detik.com,4 jam yang lalu,kesehatan,bansos_adaptif,pusat,3T,digital,Bali,positif,1.0,,lansia; disabilitas; ibu_anak,0,0
"2 Kali Operasi Kandung Kemih, Rumsiah Bersyukur Ditanggung JKN",https://news.detik.com/berita/d-8641583/2-kali-operasi-kandung-kemih-rumsiah-bersyukur-ditanggung-jkn,news_site,detik.com,30 menit yang lalu,kesehatan,rs_berkualitas,daerah,umum,tidak_teridentifikasi,Bali,positif,1.0,,,0,0
Sekda Jateng Ungkap Pemicu Munculnya Bakteri di MBG Sebabkan Keracunan,https://www.detik.com/jateng/berita/d-8640500/sekda-jateng-ungkap-pemicu-munculnya-bakteri-di-mbg-sebabkan-keracunan,news_site,detik.com,23 jam yang lalu,kesehatan,makan_bergizi_gratis,daerah,umum,tidak_teridentifikasi,Jawa Tengah,positif,1.0,,lansia; ibu_anak,0,0
"Pemkot Cilegon Kick Off Kelurahan Siaga TBC, Perkuat Kolaborasi Menuju Eliminasi TBC 2030 - Berita Cilegon",https://news.google.com/rss/articles/CBMi2AFBVV95cUxNMV9DUzYtRGRJalZKT3luLW80MjBKRXQ3S1lfSm5UbHVodnZuczhPalRGVlRqSExQZm81M2N2VXFYcHhLYnV2MmV4QjU4S3ZnVzVFR2Z5OTV1QkJ2RWMyWUV3TFl6bHhGLUVPcG9hbmxXaUtjZXpfcFVUcVAxVGxVLW1aenVUWHBUZDJ5WC0tQVRnTWRMTEpzT01OLWFwaG11dGZyUG5Kbnh2Y2FFOXRpTGZSN0dpRmU4NEVJVTQyVFFHbEN3dnAyTXltdzkwN1pNWU9KNzNtVEc?oc=5,google_news,Berita Cilegon,2026-08-30 17:23:17,kesehatan,penuntasan_tbc,daerah,umum,tidak_teridentifikasi,,netral,0.0,,,0,0
AI menjadi asisten dokter. - Vietnam.vn,https://news.google.com/rss/articles/CBMiZ0FVX3lxTFBOZUw0WVZvX0M3cUJnWklIMTBXQmEzenZJYnV2ZThfMU5sbEhiT0lmdlVpWHk1bmdzamlveC1FellwQzVkUTZzb3RnNTJZZHo2Mm13V0RXTGlVblhiQTdJMzV4MS1ydUE?oc=5,google_news,Vietnam.vn,2026-08-30 15:31:10,tidak_teridentifikasi,tidak_teridentifikasi,tidak_teridentifikasi,umum,tidak_teridentifikasi,,netral,0.0,,,0,0
Upaya Memeratakan Akses Kesehatan di Kota Paling Timpang - Kompas.id,https://news.google.com/rss/articles/CBMihgFBVV95cUxNdTNyeXhDVUNnVnUwX1prRGJ4dkdHT0RaMmxNYUN3R2R0Z0YzNzVmc0twZVdxak85Sk5KRHRYRHJoWUFVUW1rWEJKNXAwUU9lMHMtVkRmTnFZRE1Wdk5yRDR3MXlZWTFnYzNYNkZvM3d0VW5HRVROWHFNT29ZNVljNkYzSDNrQQ?oc=5,google_news,Kompas.id,2026-08-30 10:26:00,tidak_teridentifikasi,tidak_teridentifikasi,tidak_teridentifikasi,umum,tidak_teridentifikasi,,netral,0.0,,,0,0
"Tak Perlu Antre dari Subuh, Lapak Asik BPJS Ketenagakerjaan Kini Bisa Daftar Online dan Datang Sesuai Jadwal - BPJS Ketenagakerjaan",https://news.google.com/rss/articles/CBMi8AFBVV95cUxQUmo2U2RKZmRxcjcyR1BlWS1fSGRfTlFsb08xUmlEU1pPMWszMTlKZkszSm9mcGlXams2dGVoWXVXcHc1R3JsWjIxU2oyWTR5SU85djZtOWxFTW9aZ3c0WWRUS0FIRjhwbzFIbjVlMWhpMkktcFdQbEc1aDN5YzZFSUJpU1dsQ1NRZW9xeHNhTWFhdmlHYTZpeF9sSDZ6cDhMbnVCcFFPTHAyR1ZteWdzSENybEVKaGkyWW9LNU5PT0FQSzlzekMtcC1lbmtnS25YT2NsazZCNjhaUURqaDZhRF8yamJ2Rk1WSzFRVG9XY3A?oc=5,google_news,BPJS Ketenagakerjaan,2026-08-30 09:33:04,penerimaan_negara,penerimaan_pajak,tidak_teridentifikasi,umum,digital,,netral,0.0,,,0,0
Rumah Sakit Binh Dan mengirimkan dokter-dokter terampil ke Rumah Sakit Ba Ria untuk penempatan jangka panjang. - Vietnam.vn,https://news.google.com/rss/articles/CBMingFBVV95cUxNNnNuREJEYjRXWnpOaXhDRldOUHZJNVg2Q3c2V056TkdYd3YzcTVEbkVsYVk5eDU1V01CeWs4d3lPYXh4TC1JTmdxeGxHNDdfT0JaYzk3ZkRqTDEwVE4wUWljZGh5VGZPNHJGeUw5VUhpa2c4aTNtQTlNSHFtbmx1X2Y2bGJwcmFzZm91RTBRUlloSnczWW03U2lHdWYzdw?oc=5,google_news,Vietnam.vn,2026-08-29 22:30:50,tidak_teridentifikasi,tidak_teridentifikasi,tidak_teridentifikasi,umum,tidak_teridentifikasi,,netral,0.0,,,0,0
Baznas Hadirkan Layanan Kesehatan Gratis Peserta Muktamar ke-35 NU di Ponpes Bahrul Ulum - MUI - Majelis Ulama Indonesia,https://news.google.com/rss/articles/CBMiugFBVV95cUxOdVB1T3Q3SV9fR0lwVDh6aFl0TGZnRGJSV1ZjRWxpOEhwRGlrZ3RDNnc1NzFqSXozQ1NQSzg2WTloRG8taU1TT1JPNnN2dl9vMHJQREpyOEdRS1RsUGIzcXBRU3d6T3VIQXNYLUsyNlQ0S3VJTm5ieXo0M2M1dm45bE55RGFleUdfSWVydVFlNTI3QmJqeHV3UWl0TzltRXZUVHctWG9meVZxc1B3cGlCV0VLaWd6aTF1Nnc?oc=5,google_news,MUI - Majelis Ulama Indonesia,2026-08-29 12:19:39,kesehatan,pemeriksaan_gratis,tidak_teridentifikasi,umum,tidak_teridentifikasi,,positif,1.0,,,0,0
"Public Hearing RSUD Kudungga, Serap Masukan Masyarakat untuk Tingkatkan Pelayanan - Pemerintah Kabupaten Kutai Timur",https://news.google.com/rss/articles/CBMivwFBVV95cUxNRFI5d2dzbXpTbzduNGpZQ1RfeEI0dTR6ZTdfVWkybWVaaEM4Sm9XT0lsckpjTkwxQ1VOdk5RZFZkVFYtS25nRHlNeUN4RHdpMmhPalc0ck1Id2JDSl9EYzh1TkJLdVRlc3ZTU3dnNkN0b0xtNmlQWk5kQWFQWmJfdms1Nm91UkdGeHprQlJTdjVib2pvVGZGamItSk9zenl0QXBBUzhCRVNNUWQ1WlR1eEZLQnZOdlZVTmJTeFZ6QQ?oc=5,google_news,Pemerintah Kabupaten Kutai Timur,2026-08-29 09:06:56,tidak_teridentifikasi,tidak_teridentifikasi,tidak_teridentifikasi,umum,tidak_teridentifikasi,,netral,0.0,,,0,0
"Jangan Keliru, 5 Operasi Ini Tidak Ditanggung BPJS Kesehatan - CNBC Indonesia",https://news.google.com/rss/articles/CBMiwgFBVV95cUxOOWVkeUZ6QjEzd2lBSVp6WldGaUVmZ0ZmaEZfaUF6ME9hcVowWEJvYmxNTXNOZ0U1ZnNrOWxFbWo0N25hRjlfMk9maEI3bHY3cTNCNWRDSEN1Y3pNc2drWGUyRHNTX2Fvd2gwSXZxR2ttYXM3ZTdKSFVVd2lFWDd6NGRBY051d1NFcEFmTVRFUXl0WnpXWFRObmJOd2NQcmk1NWJfcE1MNW13aE1LSkt5TzJzZ1VtcWc0VHNKYmYxN1lqd9IBxwFBVV95cUxPaGF0Nm9Zemx5MGM0cm9GekFTY0I0QjBSYjN5cmxRd1B5X1NUMFl1SmhBMkFJY3J6Y2Y5bWRjcXN6Ny1BdGV3OXp3OUxHRjVhbXF5QnlHUWFkbmFHRWM0QVREbzNXY3d3alI4eUZUTUdGRzZFLXR3MHlkOWE2bHFvWUZTZHZCUkN0dERCaVhLYVE4TnZBcUxaR3hHRjhYNTNDamI3NzJTUW5oTlAyNWZIWGpYVWh4UUpRdzBCUGhlTWlGSmxYTjdF?oc=5,google_news,CNBC Indonesia,2026-08-29 06:15:00,tidak_teridentifikasi,tidak_teridentifikasi,daerah,umum,tidak_teridentifikasi,,netral,0.0,,,0,0
"PB Porprov Jabar di Depok Siapkan Handbook Digital, Info Lengkap dalam Genggaman - Pemerintah Kota Depok",https://news.google.com/rss/articles/CBMiqgFBVV95cUxOUk5QeTk5Wkg5enJMZ1ZoUkIxN1g0bmp4am5kLVJuWDdPLXV6ZDFkZEJkRThWOURsdk9YZkR2SDJLLVNtQkdYRDlHQU4wZWFibGZIclBqWVk1MVJ6cXBoVkNUMk9FMUkyTmNQXzBiNUJZaEZ5RzF6Z3hucjZjVW54M3RpM2ZxZTN4TXFkODBSZjdvbmhsSFVNNi12NVZQdFNUenNWd0pPN2FMZw?oc=5,google_news,Pemerintah Kota Depok,2026-08-29 04:59:00,tidak_teridentifikasi,tidak_teridentifikasi,tidak_teridentifikasi,umum,digital,Jawa Barat,netral,0.0,,,0,0
"Jaga Personel Tetap Prima, Polsek Lintang Kanan Gelar Pemeriksaan Kesehatan Gratis Bersama Puskesmas Lesung Batu - tribratanews.sumsel.polri.go.id",https://news.google.com/rss/articles/CBMi7wFBVV95cUxPVWZZWEdnZFRJQmJhazh2ZWVxYlNOWkhkdGVqY2tfdEdLMXlJMWZ5VE5lMEZaOTF3OTdtYzRRTlZCQTJrbjR6bUg2SEtXRFU0c3VCYXBLeUNrVEtLcS1LdFBTS3lsUTRpZUJWeUpWWUl5RlR6QVBEV2hicmNKRXlXc2Jza1JxVmt2Ul9rVnM3ZXRXc2FZajBzQk1JbFJvLTlJbXpDajhnZU5sdnpXNWdwMndzRURvNHJjbURCcFpvRFhxSENZMVFDY1FvSi0tT3h5MUoyMy1RZkVPQ29WOF9rR1VZMVBLYmpEdGpmX3lBMA?oc=5,google_news,tribratanews.sumsel.polri.go.id,2026-08-29 03:20:00,kesehatan,pemeriksaan_gratis,daerah,umum,tidak_teridentifikasi,Sumatera Selatan,positif,1.0,,,0,0
"Makassar Jadi Model Awal Grouping RSMA, Muhammadiyah Dorong Integrasi Rumah Sakit dan Pendidikan Kesehatan - khittah.co",https://news.google.com/rss/articles/CBMiwwFBVV95cUxNNzhzVXg2TWdjMnpUOFpEZkdtWGJNRFdmQ0FELVU2QlZQQ0FFSUh0dkVHcEY1MTJNODZ0Z3dzV3FxNVo4RlgxNXM5Q1BGdjJoRWRlVHFqRWZTVUNsM3l5OHdGRnFfSVRSUTZ4dmFQM0VOSkpDbTBjZDlpLXZ1a2Iybzcyc2NEYldaTWZOeG9DSmlrYi1jei1Xa3doUG9BYS1ac3U5cHN3RDNVMFBNREw0MlRhdnhVYXhLaWlWbEhGeHIwcXc?oc=5,google_news,khittah.co,2026-08-28 11:01:41,tidak_teridentifikasi,tidak_teridentifikasi,tidak_teridentifikasi,umum,tidak_teridentifikasi,,netral,0.0,,,0,0
"FKM Unhas Hadirkan Guest Lecturer Internasional, Bahas Masa Depan Medical Decision Science - Hasanuddin University",https://news.google.com/rss/articles/CBMivwFBVV95cUxQci1KMG9tOUpIVDVJaFZqU2R6Tm5HQy0zT25xcWhtTTZHU1R4dEZ5b0w2Z3ZrcmpWeW1UVlNyd0c5YzRmcXF5cmprTzdBeWlFZWZwZE83SmItQWV5TlZvY1dJR0hEcXhTS1FhUHphV2NYSWZBMXlEN3kwcTdlUEtTNG5JbkFkeGJsMnZDTHVtRkdkU1EtUERxa3p5eHBYOGVDZjNkTnF5OGNPVVdaUnRRZ203VTBWNEdyZ3RuM0xaOA?oc=5,google_news,Hasanuddin University,2026-08-28 10:53:48,tidak_teridentifikasi,tidak_teridentifikasi,tidak_teridentifikasi,umum,tidak_teridentifikasi,,netral,0.0,,,0,0
"Pemkot Malang dan BPJS Kesehatan Perkuat Validasi Data, Pastikan Layanan JKN Tepat Sasaran dan Mudah Diakses - malang-post.com",https://news.google.com/rss/articles/CBMi2wFBVV95cUxOTTlFZEFnbTl6VTUyellXZENfM0hkek1sYkJiSk5XenFfeFB0elE4OEZrVU1VWmkzQWJyN1YwbTVuODRPV0ZOV2x0WWZocWRZOTNVSDV1WGtyaWlhVXQ2QTA2MzhqdlpJd1FiaF8zajVEYVo1UktkOVl2QUR3Smc0VkcweHpNMFg1T2JaZnFNQUtYVWtDRU5Kd2wtcWVnQ0pldjlROWNzMGpkY2RHdDJ2VG1nbUFNUXR2VGgyaVp5Q1ZlVUtUY1ZPRnpyN285VGhWb2h2bThTSmw0ZFE?oc=5,google_news,malang-post.com,2026-08-28 10:19:54,kesehatan,penuntasan_tbc,tidak_teridentifikasi,umum,tidak_teridentifikasi,,positif,1.0,,,0,0
"Sukseskan Muktamar NU, BAZNAS RI Hadirkan Beragam Layanan Gratis - BAZNAS",https://news.google.com/rss/articles/CBMiogFBVV95cUxOeDZ5ZDNHd2ViSDBNbUhVMUR5eVhXbEFPdG9PVGF0VC1iaUR2RUE5c3RvNW1mNWVnVFFjOW9rVXBWUjg0Ml9VYTAweEJVcDlsQUhicHNOX2NLOEVRdnpSdXBmSUQyamstX0NUek1mOW1ndjQwMEN2dlNHalgwQmw3dEhkUUVsS2pRWDJxWnhrU0FGN2dnWFBIbXAzbnR5TXlNeFE?oc=5,google_news,BAZNAS,2026-08-28 07:46:03,tidak_teridentifikasi,tidak_teridentifikasi,tidak_teridentifikasi,umum,tidak_teridentifikasi,,positif,1.0,,,0,0
"Per 1 September 46.153 Peserta JKN Segmen PBPU Pemkot Malang Non Aktif, Berikut Tahapan untuk Aktivasi - Malangtimes",https://news.google.com/rss/articles/CBMi-AFBVV95cUxNVjVSX1RNeGkyNXc2a2lBR2x3Zmg1T21MdHFwWF9lalZCS0EzQ3JkRFJmWGhyOTVaeFlVT0FwYnVUWV9meDdKSHhDZXVLa0ltM2ExWFdzM1FUUHJTTElfcEN6SWZGYjBDdzFjV0NycUdkcndzbGo0ZzNHS2RWdUtYN1VaaW5XRDhNRzZsY1FqLTJmTFAxSlpXdjdQMGhXRGR4STZtZVA4MlA5UHJVRy1VaXpRVWVBeDVYRzBkcUt3Z2h0YTQ4dHZ1bjliQmxFM0hkcWI4cng1aVd4X3FZNnJodjFVd3gtdU11d1NXbjFxblRBUzBxcGN6SNIB-AFBVV95cUxNVjVSX1RNeGkyNXc2a2lBR2x3Zmg1T21MdHFwWF9lalZCS0EzQ3JkRFJmWGhyOTVaeFlVT0FwYnVUWV9meDdKSHhDZXVLa0ltM2ExWFdzM1FUUHJTTElfcEN6SWZGYjBDdzFjV0NycUdkcndzbGo0ZzNHS2RWdUtYN1VaaW5XRDhNRzZsY1FqLTJmTFAxSlpXdjdQMGhXRGR4STZtZVA4MlA5UHJVRy1VaXpRVWVBeDVYRzBkcUt3Z2h0YTQ4dHZ1bjliQmxFM0hkcWI4cng1aVd4X3FZNnJodjFVd3gtdU11d1NXbjFxblRBUzBxcGN6SA?oc=5,google_news,Malangtimes,2026-08-28 07:41:00,tidak_teridentifikasi,tidak_teridentifikasi,tidak_teridentifikasi,umum,tidak_teridentifikasi,,netral,0.0,,,0,0
Dinkes Buleleng Dorong Gerakan Bersama Desa dan Kelurahan Siaga TBC - Dinas Kesehatan Kabupaten Buleleng,https://news.google.com/rss/articles/CBMixgFBVV95cUxNUjFKd1BfUmNVM1d6WU9DUmY1dUhjRzRlV0lhTXhnWTdpTnJRSnR5S3lxV0JZeER5N204QW1CUXpZMDM5NnBzTE5vM2RPNnh6LVIyMEtNNkhCaFhuSXJUZlhvYy1uZDNZTUM4cXZNYkNTTUlWUDFYN2lSb2RIcEI1eGhaVVNFdG1Nd3Ridkk2UG5zMEM3cTZtWEVHSTA3WWs0RkhINlhqZHVhd1JMWGs1bFBDY3VDVkFZbnlNMndOV0ZLcHZZZ3c?oc=5,google_news,Dinas Kesehatan Kabupaten Buleleng,2026-08-28 07:00:00,kesehatan,penuntasan_tbc,daerah,umum,tidak_teridentifikasi,,netral,0.0,,,0,0
"Gencarkan Upaya Preventif, Pemprov Banten Perluas Cakupan Cek Kesehatan Gratis dan Penanganan Stunting - Pemerintah Provinsi Banten",https://news.google.com/rss/articles/CBMizgFBVV95cUxOVWs4VlFTcXlpWE9femZzaFQ2Q2RETW16b19jU2RZUy1ha2QxNFEwVmItMDl4bHZGS2QwbVVyb3RTMTdIR0M5bHVkWTA2UGNzVHJrbi0wRUpVZ1lGYndxOFIxcXNIOXFSVTNKc055Vmd4cVNFRmdUUDFDMHQ0RnBDSjJkbE9CbzJYNTdIUnR6eEhVTWFKZnBSdUdBMERtUlpwdWQxeHNjSW1velAtRkVxVlNBUWdqSjF5VERqdDlaRmdndV9kQl9xSXNvRFFodw?oc=5,google_news,Pemerintah Provinsi Banten,2026-08-28 05:45:15,kesehatan,pemeriksaan_gratis,pusat,umum,tidak_teridentifikasi,Banten,positif,1.0,,ibu_anak,0,0
"EMT Muhammadiyah Dirikan RS Lapangan, Perkuat Layanan Kesehatan Penyintas Gempa Flores - Muhammadiyah",https://news.google.com/rss/articles/CBMivgFBVV95cUxOSHRLSHBHZUhhdDczLUp6cHNkR2RQcm16bzNncFExZ2NoVDktX1JjNzBjVzNfWG1fOVVCSVcya05aaEZtNktiWWUtaVRYWEYxZXNnVEFZRlc1VnRaRnZQeXdXakNUTlFNRHd3V1ZTUzU1ay1Fb2ZsOUltaHBOdG5CSE8wSzFsa21FR21OYVRIVEtLZUZRTUJqZnRzSklWa1VEa1owWFpCSWNCWTl1Q2VHdTVUcWhxeEZPUXRCZDd3?oc=5,google_news,Muhammadiyah,2026-08-28 04:38:27,tidak_teridentifikasi,tidak_teridentifikasi,tidak_teridentifikasi,umum,tidak_teridentifikasi,,netral,0.0,,,0,0
Menjaga Nyala Belajar di Tengah Gempa: Ikhtiar SD Negeri Kembur Memutus Learning Loss di Masa Darurat - Victory News - victorynews.id,https://news.google.com/rss/articles/CBMi3gFBVV95cUxQZU5HdnVwckpLZlRJc1Iwa0ZwV3R3ZWY3UXFqMV9BQ0FPa2d4eTJUSTM3NDBGRVdZMEMyemtHc0ZfY1VOcWRsUXFZeXJQczZXWUw0UEgtSjFFQzBhLUQzNmlGWU42LW9XSW5odVZTXzBrOGdEdkdHQmdsU0FjZ0RadUtUaDFYRzF5OFNYLU5HUU5DdVdVaS1DQUpsZTE0ZGtKWGNpY2htVDJIUllkWFdXMnBTM296Q1luYWttVkdkb0pfYnlTS205NnJQRXRfQzVjYlBYdnI5eGFoTlRHeHfSAeMBQVVfeXFMTkhteFY3STBfX3d6dmtXU1BKUU5lQ3BvN3R0WDJNUDdTLTZ2cXF1UlRzSHdmZXVXeXNkOGZfYkt6dXRaTmdtRjdVQ1lkdE56cDA4Y0hfME9vNlAyMndpdUZWeWwza1A5Nm1yYTZzeU5sYkMyYVIwazlyR0M3d1F1ZklONENfRGFKTFFNZTVIOFEwb2VTRHdjd3FPb091bXVMVERZX3BpT1E0X3VKdF80Z1NDTUhaTjRJS3Q2WHFiVmQzUjlkT05OZVBHNEl2dndBQlZGeVRsazk2LUlaSHFLVktYdXM?oc=5,google_news,victorynews.id,2026-08-28 04:37:40,tidak_teridentifikasi,tidak_teridentifikasi,tidak_teridentifikasi,umum,digital,,netral,0.0,,,0,0
PUSKESMAS SELOGIRI MELAKSANAKAN CEK KESEHATAN GRATIS BAGI PEGAWAI KANTOR KECAMATAN SELOGIRI - Pemerintah Kabupaten Wonogiri,https://news.google.com/rss/articles/CBMiugFBVV95cUxQOVRYS20yV0RveWFFaE5hYUFDNDFYdXJFSy1KY0JyRWNJVl9IeUJXcy1hR0x6QnRrd0lqQ0c4OHYzMy15VDJxcVpnck5MbjQ1U3pkTWhMYzJpbk8tbmhFanZ2VnJkVmZjRDNtUGp5Y3ZlTUh4MTRvSm9QVmUwckJkU21xdHo4WHF0Qk9oejZGbWpMUFdGQU9YbTdsT1FBOVN3RndMcFlYeXVUX2E5SHhsdFNpeTNlakJiOHc?oc=5,google_news,Pemerintah Kabupaten Wonogiri,2026-08-28 04:13:12,kesehatan,pemeriksaan_gratis,daerah,umum,umum,,positif,1.0,,ibu_anak,0,0
Dinkes Kobar dan RSSI Pangkalan Bun Evaluasi Penanganan TBC RO untuk Dukung Target Eliminasi TBC 2030 - MMC Kotawaringin Barat,https://news.google.com/rss/articles/CBMi4AFBVV95cUxNWXlyRmJBd2ZFZ04xbnpfOC1mWmhBR21IWGtUZlJ2b0tRQVUzUzZEalVyQ25MYTNtaG02VS12LW04ZkVKQnNxaXZsMTR6VDlybTlfVUc3Z253cDI5Z0Y3Q0tOVUlycnlmQ0dURGFSSTRzWjRYNmxVY2RNZW1fNkVLNXJfWWlwbVdWek5MbFZxcDNLYlN6dFpJN1FUTUhnY0NPbzVYYlhxMXlVdTgzZkRXTV8wZnYtbThKU1NHRzdpWkM4Y1RrY3hpTHpKa1ZzaVRCVko4UDNTUEs1MURuT3h0QQ?oc=5,google_news,MMC Kotawaringin Barat,2026-08-28 01:47:23,kesehatan,penuntasan_tbc,tidak_teridentifikasi,umum,tidak_teridentifikasi,,netral,0.0,,,0,0
BPJS Kesehatan Jakarta Utara Wajibkan Surat Kontrol Digital Mulai 1 September - RRI.co.id,https://news.google.com/rss/articles/CBMiswFBVV95cUxOaFJGOU45a3A1eFhISXRjeFlwZHZUbmg1N21ZTmpZaUZuWVMxUzZueWFvY0FkdTd6Y19FT2o5NWZIczk0VnRNVm5zcGxxekRwMDVtSkxxWUc0OWRMY2ROZmpIV1JrVUg4Z25XM2tPbVVjWjdlcXd1MDhBTHlZT2pSS0hSYlFZbFdZcDlTMUs5ZVhlb2ZDQjFtNmxqWUlEbUFsVHdxMl91X3hXS3JEajZ2NDljUQ?oc=5,google_news,RRI.co.id,2026-08-27 18:35:00,tidak_teridentifikasi,tidak_teridentifikasi,tidak_teridentifikasi,umum,digital,DKI Jakarta,positif,1.0,,,0,0
"Cek Kesehatan Gratis, ASN Tabanan Dominan Tensi Tinggi - NUSABALI.com",https://news.google.com/rss/articles/CBMilwFBVV95cUxNOGpOaHJQVTJfOHVkUVdJN2tvVlROUGZSeHpadDdoR19Xd2FtaGFJMTBEUk8zVVpIRWZGek5EUnQtRXRQbzh1MEJMT0ViYjFrdnVQYV92N3dFNFJEUS1JN0ZWNnpMdnIySjhWejE3RFdDVUdpNms0NDhrSTc5c1poNU1EcTFjWXN0OEZORGsxNEM4RXdpZjhn?oc=5,google_news,NUSABALI.com,2026-08-27 13:39:00,kesehatan,pemeriksaan_gratis,tidak_teridentifikasi,umum,tidak_teridentifikasi,Bali,netral,0.0,,,0,0
"""Saya merasa sehat, ternyata tubuh saya tidak"": Perjalanan Lidya menemukan risiko lewat CKG - ANTARA News Jambi",https://news.google.com/rss/articles/CBMiygFBVV95cUxPemlYeFBzcDF4ejlhN0Z2QkN2dmw0a2lQYXZ0ZTIwY1Bma0Vob2FocHhyZnRHVm5oRjg3d25ScDUxVldKX2NxaEE4S2xCZkZLZWMtZ3dRRzlrb0IySUgwNmNINGJxSDJPNEtFOTVJWFhhcVpXWm52T1ZKNjdEaGxPM0VZSmlhWEhHY3NWWWJtZTNGNUJhWjU2U2YtcDlyMHgzbnVWbXlXOUFmeTVYbjJEUldreDhNVlY5ZFZIR2xLZDJrM1VzWXJKQVhn0gHPAUFVX3lxTE1zazd3R3J2UXduMlJmaW5XYjhLbnNJR05Cc25NLWlZdUwwbWl6UHRrTUZGVDFTQjlUblFEVXd4dmNDV1FkTkxpV3l2STNBcGJ6QnlvdU11WEp0OGpPWWpWQ1Frd1VNbHRxSXVycTlpX1BXSHNrM0ZjMl9iVEhLYmhMZmZrWmc2Y1BxdmZzaFNnV0pZWWpiT0VCZG81bkNCT1phNFdtcVh6amFqSEM2QlpjMkF2cVJISF9YZHNZbENxTmZJOW1QZ1pWdE92VlRISQ?oc=5,google_news,ANTARA News Jambi,2026-08-27 10:18:04,tidak_teridentifikasi,tidak_teridentifikasi,pusat,umum,tidak_teridentifikasi,Jambi,netral,0.0,,,0,0
"RS Hermina Kepanjen Resmi Beroperasi, Perkuat Akses Layanan Kesehatan Warga Malang - Sonora.id",https://news.google.com/rss/articles/CBMiugFBVV95cUxQa0swd1NlazdldUZHVjJCTzJMU3lyRW9SdXJWLTRKcXI2VS1lbUdzczVDcm9fVTNGc2xrYW9aMzJLVW16czRXZGNKZWR2RFpDZ1Q3TkRueEhXcHh1ODNNZmZ2QnNLTUhhZUcwWl9wbjdIOHVRMnJhM21WTXBqaXJBWVhLdUN3b19kYjVxYUd3MXo4bGxYTzBYZXVWQmdyY2R4RGtKaWVHeXVIRENJR3hBM0Y3dE1Ja0xNT1E?oc=5,google_news,Sonora.id,2026-08-27 08:12:00,tidak_teridentifikasi,tidak_teridentifikasi,tidak_teridentifikasi,umum,tidak_teridentifikasi,,netral,0.0,,,0,0
Berbagi hasil tes: Menghemat waktu dan biaya bagi pasien. - Vietnam.vn,https://news.google.com/rss/articles/CBMinwFBVV95cUxNVk8ydVRCZGZHWTZjazVlcEMzeVAyR2M0OHNIczlCRXdiTEUyblNUVFF5ZmZ6MWZEYkEzOFl4RWRoT0dEQnpHbUxWMFhVUFBJUENfVVRHazBVMkIwSHZwWS1kdjNlTTZmYldSWHdZellCU1d4THJwWVVOb0tiOS1BRzllTVFpZEdKNVphSHpiVWpwREl6Tk1aS0haUS1aVXc?oc=5,google_news,Vietnam.vn,2026-08-27 07:45:08,tidak_teridentifikasi,tidak_teridentifikasi,tidak_teridentifikasi,umum,tidak_teridentifikasi,,netral,0.0,,,0,0
"GEBRAK TBC KSB di Sekongkang Perkuat Skrining, Pengobatan dan Pencegahan TBC - Pemerintah Kabupaten Sumbawa Barat",https://news.google.com/rss/articles/CBMiwAFBVV95cUxPNmRBcnlKNXBIeEMyazBoNjZnZGhqNzNYTXlZQXZtbVEtcUFsVTNIMlFlTTBwTFkxRUZ3WVk0YXdWNnpZTkhSck4wT2ZwSGhGQUFqUXduVERxWUNLOUZ4TDFyRHM5T3pDbnNUX3J5TTBtczI2d05kWGZnT2xod0NmUlFNV0VTbnl3ZkVlY3UtRmpjTDFaSFhPcWNqVmxwVzVMVUJTb1FSX25WTlNBSkM3UW1sZ3ZRQk5TVl9KRFVINF8?oc=5,google_news,Pemerintah Kabupaten Sumbawa Barat,2026-08-27 07:00:00,kesehatan,penuntasan_tbc,tidak_teridentifikasi,umum,tidak_teridentifikasi,,netral,0.0,,,0,0
"Cegah Penularan TB di Lapas, 500 Napi Jalani Skrining - riaupos.jawapos.com",https://news.google.com/rss/articles/CBMiowFBVV95cUxQd0RLeEwzWHg4YU1sZkRnS1BqcFVrOEZnTUZqU0Zwbnh3Y2tLMEdYZW5qbk9VcF9zTGZmNzlqNV8wRHZKNUxFcFNsaVVPLXBtMmNHOGRfcWV3UjBOMlIyUjlXNjNNTF96MXd3SVl3WHVwUmFKdlNRWjFqU1pMNUdZZmpzbzcwSEFfdm8yRVgzdktMT1h4ZGl6OUdmdEc3OUE0ZkE00gGoAUFVX3lxTE9VemN6RklYZVBoS3FRVkRLc0xabW4wbHhreHlXM3pUUlRHSHJxanBXSWFWQ3hrQXZTS2JPMmZsYUNwWnR5OVdLYkJaVzFQdkEySkgyanRITFN0eVdRVXp4RnFHNElhWGRTd0V6NnpSTHl0M0xvOHJBZlV4Q2JrVUtHbUNzMVNGNTFmd3RoXzctZlBvR3hzTmFmUm5rOXZuMHBHcGpWMV9BdQ?oc=5,google_news,riaupos.jawapos.com,2026-08-27 04:00:26,tidak_teridentifikasi,tidak_teridentifikasi,tidak_teridentifikasi,umum,tidak_teridentifikasi,Riau,netral,0.0,,,0,0
RSUD Cibabat Berbenah Menuju Rumah Sakit Modern - ppid.cimahikota.go.id,https://news.google.com/rss/articles/CBMiuAFBVV95cUxNSVFwYjNzMGItdTUzcDR6X3g1aHcxSHVseGVLNTE2NlFPOHZ4eXdlZUNYRldIRUl1dWVLWlMtTFdYQnk3WHkzd3NWZXhITjhaQlpHRHJIN2c2QVl5bnBILXlvcEtPeWpOUFlrX1pFd3dwR1dlcjFGQVFtQmdPUURZdTdRLTZqeENDXzBvTmRYWGlPemZvYmJ1X1ZFLWJ0aUlvRmxhZU9wU0JmdjdOZ0ZpblhlZTEzdUZh?oc=5,google_news,ppid.cimahikota.go.id,2026-08-27 03:59:31,kesehatan,rs_berkualitas,tidak_teridentifikasi,umum,tidak_teridentifikasi,,netral,0.0,,,0,0
"Aplikasi Mobile JKN Error Tidak Bisa Dibuka Hari Ini 27 Agustus, Kenapa? - Terkini24.id",https://news.google.com/rss/articles/CBMilwFBVV95cUxPWnljUFNjcENyQjM5RUhuZnpkOUd4emo2MzhDZnlQVm1TVm1yNXlqbGZMYTRyRFF1a0k5bEFKeXZfeWhUSFh4SzJtVFNodFdIWlNqcFBncHJJZUI4enlsclVJZ19hOV9CTktxZUh6Zk9JdnNmT1hVd0Z3aDVEWjNaeGd0d0kyT1JtZlI1S0ZWNWQ1MWpfdHhv?oc=5,google_news,Terkini24.id,2026-08-27 03:47:19,tidak_teridentifikasi,tidak_teridentifikasi,daerah,umum,digital,,negatif,-1.0,Sistem Digital Tidak Berfungsi,,0,0
CKG deteksi dini TBC ditengah tantangan geografis kepulauan - ANTARA News,https://news.google.com/rss/articles/CBMipAFBVV95cUxOTUR1ZUplaThZUmRMR3hjaDZtYjNhWEk5b1JUZmFqOW1ialdicUxwall3SG9jRUM4ckt5T1FXdVRrOGx2S2dudU13bXk4d21zRWpuOHVPT1FCc0lSMnFMMkM5MERSY0lIU2xUTTZ5UHBIQnZ0bGh3ZVF1YkRya3VEdk1uUzE5bUxPM0hVTDhVVlotZVhFNlJDNzVBTWQ4dmd6TnFLZdIBqgFBVV95cUxNOTBDVTYwelhmdUFhczByS2gxY3REVkczb3JaVFFUcEVUX3ZiUklKR1JCNVdUR3BPNkJUeE1MLTl3dTRObjZiZkM2SjNxbm1SeUM2clhudXFmSTJWdWc2SlZCTGV4VHZTc01ORUtnUzdEeVFSLWp1Z001OTBmUG1jV2M5em8tMllpbXRKVnNxYlRIamFrYkp0WGx2TGUxZUFQdUFHaGRlaFVvZw?oc=5,google_news,ANTARA News,2026-08-27 00:41:11,tidak_teridentifikasi,tidak_teridentifikasi,tidak_teridentifikasi,umum,tidak_teridentifikasi,,netral,0.0,,,0,0
Gubernur Banten Pastikan Tetap Layani Pasien di Tengah Pemutakhiran Data PBI | Banten Sepekan - Pemerintah Provinsi Banten,https://news.google.com/rss/articles/CBMizAFBVV95cUxONXhRc0ZIRXc3ZDY1M0NGQUNUa1Y3MFNhelVUOGpOLTAwQ1RaOFhhMVlRdWxLSkgwNDdTU1h0WXVoWW5RMURSYTJpS082NThhWlkxM2lveXdHUVZCNkpNZmE1RWxSOUhxTS01emNjcHpzSlNZN2t4dm5Lb1NwNlphcnl4dFVoajk5YnpnY3RKdGlhYmVWTWlUNWhfNEJyODBwNEgzWUlGNE4xbS1tRWJiXzlNQ0Z5dU4yNk1KeDdGR0ctTTJyOThLUDFRcUI?oc=5,google_news,Pemerintah Provinsi Banten,2026-08-26 19:08:49,tidak_teridentifikasi,tidak_teridentifikasi,pusat,umum,tidak_teridentifikasi,Banten,netral,0.0,,,0,0
"Waspadai TBC, Dua Kematian Setiap Lima Menit - Suara Pembaharuan",https://news.google.com/rss/articles/CBMiiwFBVV95cUxPNko0RHNOaU1ydW41Y3RDWFZIbzhqZGVHRDg4bTg0RlpaQ1BGZDRXTUlPYlhzTUx4MjZqY2t5bXdHVmp1XzRSOXdyVlNGOW9SUUI0TWVQR0pQa2tsaURESHpkMTNlYjN1MjlXR0w1NFpKbWJ0Mjd5ci14TG5ZdFpsS0U3ZFc2SkU4SU5R?oc=5,google_news,Suara Pembaharuan,2026-08-26 17:48:00,tidak_teridentifikasi,tidak_teridentifikasi,tidak_teridentifikasi,umum,tidak_teridentifikasi,,netral,0.0,,,0,0
Malinau tingkatkan kolaborasi lintas sektor percepat eliminasi TBC - ANTARA News Kaltara,https://news.google.com/rss/articles/CBMisAFBVV95cUxPcDViQ0t6YmNONkRZcFpraEw1LUR4clRjX0tmSTNmeGNRQVlyWnZUTDh1dlZSaWp2TWgtRHQ0b0kzcGxmbDJBcWVaT04zMDQ0YnZPOURaY2JRLVBjRUNDc0phTFpaSnpHamZuWGhneU5HczhLaFpUS2dua3NQeWZsd0U2UEVJVmlmUnRiNTAwMFliczhpVy1nQnNkSVJ3VzBBdUtMaTNCQVliQU1hZzRSMw?oc=5,google_news,ANTARA News Kaltara,2026-08-26 16:20:27,kesehatan,penuntasan_tbc,tidak_teridentifikasi,3T,tidak_teridentifikasi,Kalimantan Utara,netral,0.0,,,0,0
Kadiskes Pelalawan Asril Pastikan 549 Pasien ISPA di Pelalawan Masih Ditangani Faskes Awal - Media Center Riau,https://news.google.com/rss/articles/CBMiuAFBVV95cUxPck8ybHlray1PVHhyVElZWFBwVGtubE1IYnBFNUI2YUxOSVNxTFVnSExwY0w2cUZSa1M5M1VqZ21xaVhPMzEwZG1tVktGOGVtN3VGckNKbGxMTFJxNldWVDVvWTN0Nmw5THctNDhRbWV4UGlpTXZCNmkxM3pnY3YtRGItWTdaU0piTGdXTWZybHgzMDJiQmwwZXZYa1VRWVZyOTZSUENQZXlzcnRLRUxlSzNtWkxtaW5t?oc=5,google_news,Media Center Riau,2026-08-26 08:42:00,tidak_teridentifikasi,tidak_teridentifikasi,tidak_teridentifikasi,umum,tidak_teridentifikasi,Riau,netral,0.0,,,0,0
PESISIR SELATAN - Pemerintah Kabupaten Pesisir Selatan,https://news.google.com/rss/articles/CBMiyAFBVV95cUxPREZBOVhsTjk2cWlxZ2dpRlBGMkJFVk10b0JGc2tHUzRVX2d0WXUwS1NKSFkzUmh0MTMyaDBEamJaM3d5X1RHUHlsU1NhX1RReHZNV3N3YjBqVnVkbVVsaWNEb0d1SzNiRWRVeFpwRUw4Q2Z3OEZyYWQtMnNPY19USFlRbElCRmc4dG5qSmxUWU42TlN6bFVKUE9CM0NSdzVFREVBVzQ4WjB2dVpsX3pUei1hQjRFTGpNd1dzak1zR3U4ZVFXZnJXbg?oc=5,google_news,Pemerintah Kabupaten Pesisir Selatan,2026-08-26 07:00:00,tidak_teridentifikasi,tidak_teridentifikasi,tidak_teridentifikasi,umum,tidak_teridentifikasi,,netral,0.0,,,0,0
Cekfakta.com - CekFakta,https://news.google.com/rss/articles/CBMiR0FVX3lxTE0tclJMdFl1bWdOeUhJYXBWN3NnY1RqYnpyN3doWnJRd0pxYXVKZ2dITXFOOTBGd3M1andiSTJJQ0xmSUNUdkUw?oc=5,google_news,CekFakta,2026-08-26 00:04:49,tidak_teridentifikasi,tidak_teridentifikasi,tidak_teridentifikasi,umum,tidak_teridentifikasi,,netral,0.0,,,0,0
"Integrasi CKG dan Tracing TB Diperkuat, Pemerintah Pastikan Data JKN di Palembang Sinkron - rmolsumsel",https://news.google.com/rss/articles/CBMitAFBVV95cUxPMzZJcjlWUzZfQ1M1MERiUjNDbkFnRkRUcFQwcktZdWlUZTg2SW80V2ZUaEN4ZWdCRm55cjZKNElVNE5OMkZ5YVpReHBHTXRJTGlSQlFOYS1tdnhlVVkwSEdacHVwVWFVVVBIS1pUZXhvb2drQ1d0VlNqLXROS1ozN2ZCNUdBT25heTZPLXlOZ2RCRzVMZFBodk5BNUNOT2p0Qy1HQ3o5UnNKZy1lLVprNV9IbWE?oc=5,google_news,rmolsumsel,2026-08-25 08:19:00,tidak_teridentifikasi,tidak_teridentifikasi,tidak_teridentifikasi,umum,tidak_teridentifikasi,Sumatera Selatan,positif,1.0,,,0,0
BPJS Kesehatan Cabang Palembang Pastikan Data Peserta Terhubung dalam Integrasi Skrining TB Program Cek Kesehatan Gratis (CKG) - Berita - Suara Rakyat,https://news.google.com/rss/articles/CBMi6wFBVV95cUxONXloM1ByVFM2Tmo3UmhNTF9oVThvVVBvWldTSmRTbFlNNUh3Vm5JTWE0Nk1XU3hjS1p2Q29YNE1aSUdFOFRJZUdBTE1BLXU5Sk9DNWpFWnJmdnl3VDFfMkVTNlk5SG1mLVhvSWNUMm5yTF9TeENEbE40QTM1dFJZeFVNODJ6YmNVSG13Sk5DTzNlZ0FMSnNrZzNROFVIRnE5NkpDbkUxNmJkX1RXTWwxaDFtWjZCYnI2S1lOZXU5N08zOW5RczVYQXg3eTRlcUk3aktBZG1FZFhuRG9IMWRoenNvSENMWE9zYmRr?oc=5,google_news,Berita - Suara Rakyat,2026-08-25 04:51:12,kesehatan,pemeriksaan_gratis,tidak_teridentifikasi,umum,tidak_teridentifikasi,,positif,1.0,,,0,0
"Mempercepat penerapan rekam medis elektronik dan buku kesehatan, serta menghindari penundaan dalam transformasi digital layanan kesehatan. - Vietnam.vn",https://news.google.com/rss/articles/CBMitAFBVV95cUxQcm5ScnVOZ2llR1F0QXRMVzBTWlZ0OTBDbjhNWmhiaGlyUTB2akRJanEyajdZSENuNzZsMHhUZXZsQ2lDMUJGYlhVRE9NTEcxbE1veEh5TlU2SmNkVkc4XzVzWEhpcF8tU3Jld0hBQ09lOUxUVFBUckRpRUotdWxENkMyM19OQ1dKUDMzRHFMQ0hOS2sweWNnY0k1Q0xOTHdSbFlNTUF0eEZrdlpzSWlCNzFUOEc?oc=5,google_news,Vietnam.vn,2026-08-25 01:29:08,kesehatan,kelengkapan_data_rs,tidak_teridentifikasi,umum,digital,,positif,1.0,,,0,0
BPJS Kesehatan Palembang: Data Peserta JKN Terhubung Integrasi Skrining TB Program Cek Kesehatan Gratis - radarpalembang.disway.id - Radar Palembang,https://news.google.com/rss/articles/CBMi9AFBVV95cUxNTHdyYWpQSUJWb05nZzBWYTcxNHV5aWdEZnFTRk5YTzR5MUFYYjdXdEl6ZEM3WmI2OHNRY09ZN0lIRklFcFFJRVc3RjRYTTZWdlFrLXJzWFNBQXAxbnRYNzRvVFNWSWREXzJ3ZXFZZWJOOGJ2bmRlWGQ3WU1yWllyT01Bb0RWWWhIb3Z5SGlUa2J1Y3ZCX0hMY1ZJTFQtNlR3Q1RrbmVxQ2lsVC1OdlFpaTR4UzRTMVNFQ240cEpDa25MLWVobWVHMFJuXzFyZzQxZFpXcEFselA5UDM5a2pqbWszSEgwNUlwRmJ0WE5zdy1WZW9s0gHfAUFVX3lxTE4zdkVIZGp1b2ctS1k4akZoczU2SmY3Tkg4Vy1ZblIzWEloLTdIWXZuMk52YWp2RzdoZ3I3S2RDZXd4Z0ZYd1N1VVJaVE54SFl3cGJGV1JQUHlJQ0tKSEZVSFFMSnI3ZFJPR0hJSEZkYkg1M0pQMnNTOTQ2SEF3V1dzamNKakdmTFlmY21UYlI0bVk3OUN3Sm8zaGJNLVNiU1REdWV6V1g4Y2lYaU9raHI2VUxBRGZ2VXZrUGZJSW8zMktQSXRPZXRuSTNsZ3AxV2hFb1ZCTUppekpINGNfbGs?oc=5,google_news,Radar Palembang,2026-08-24 14:04:00,kesehatan,pemeriksaan_gratis,tidak_teridentifikasi,umum,tidak_teridentifikasi,,positif,1.0,,,0,0
"Dari CKG ke RS Smart, ICMI Dorong Surabaya Bangun Ekosistem Kesehatan Berbasis RW - Pemerintah Kota Surabaya",https://news.google.com/rss/articles/CBMiwAFBVV95cUxPVHhDeTVLZXgxWUtJbUF0R01EY21uLUdQNnZxUUstNHhOekI2Y1RfbllEeFhlZTRVbEdwLV9VRkU1NC16dW5iNjV0U29hNHpYeHFZNzdVbGs1QjZtN1ZkS1E1MkpTY2VDZ1lPMDVMeHh0QmR5M0h3N1BxY2NWTDNnY21nV1ZkaVlQMmZCVnJwTWZrOEdsN1pWb1EyNFJhOTFsWkpTb09IRVdjRlRRb0pxakpnOHdyNmludHN6NUFVMlc?oc=5,google_news,Pemerintah Kota Surabaya,2026-08-24 10:44:11,tidak_teridentifikasi,tidak_teridentifikasi,tidak_teridentifikasi,umum,tidak_teridentifikasi,,netral,0.0,,,0,0
Layanan JKN Mudah dan Cepat Bantu Pasien Penyakit Jantung Jadi Lebih Stabil - Radar Mojokerto,https://news.google.com/rss/articles/CBMiywFBVV95cUxORTZ5VkxObVVBWktraVFISjViQ1NFNkJDRm9MWkJ2QnZlR0RJSjdkcFB1aThEYUl1UGR1YWk1WFF2dDdDNk93N2tNczhxT1Y2b0FKdC1NWUpCWm0tMTdaSHhZQjZ1OEg3NE1VcDM0U1VqSzZmMFg3X0lNNVZiWUdLcl9IX3pRaXctYUF4TDJKemJZbGk3MlRsZjN6TEp6dGdIbWtuUDAxNW9aalJtZjNuaXJyZVhLY0RSX2tJVU9Cek1SMjJXaGF4eGZBTdIB0AFBVV95cUxOakFMX2VGSjVhUFpVeC1QSzMzeGxweTJiRlU0RnZGaG1rLTAtQjBHTEJpQ203bDFaMVY4MVJYVXZobFhHYVRvVXZXRlh4TWc2R1NOa2tBX3d6dVp1eVpmRjZvcU4xX1VDSU5HN09VelBtaDR6NkZTbFNHczBSZ05kVUlmTkEtWEVqV2NIYmFWWWcwZk9fX0diR1lpVTJPemxCOTRfc3VDYmZsVXJHSG11Nm1HVlg1ai1mYzNzZnpjeG9LZnoydVNxY2tXakFZdlZR?oc=5,google_news,Radar Mojokerto,2026-08-24 10:30:29,tidak_teridentifikasi,tidak_teridentifikasi,tidak_teridentifikasi,umum,tidak_teridentifikasi,,positif,1.0,,,0,0
Kemenkes Kerahkan 532 Nakes ke Tujuh Kabupaten Terdampak Gempa Flores,https://www.detik.com/bali/nusra/d-8640887/kemenkes-kerahkan-532-nakes-ke-tujuh-kabupaten-terdampak-gempa-flores,news_site,detik.com,17 jam yang lalu,kesehatan,rs_berkualitas,pusat,3T,tidak_teridentifikasi,Bali,negatif,-1.0,,lansia; disabilitas; ibu_anak,0,0
